name,keywords,description,background,border_radius,shadows,effects,anti_patterns
Glassmorphism,glass blur translucent frosted transparent overlay,Frosted glass effect with background blur and semi-transparent layers,rgba with backdrop-filter blur(10-20px),12-24px,subtle colored shadow with low opacity,backdrop-filter: blur(); border: 1px solid rgba(255 255 255 0.18),Heavy blur on text areas; blur on scrollable content causing jank; no fallback for unsupported browsers
Glassmorphism Dark,glass dark blur neon translucent,Dark variant of glassmorphism with neon-tinted glass panels,dark base (#0a0a0f) with rgba glass overlays,16-24px,colored glow shadows (e.g. 0 8px 32px rgba(100 100 255 0.2)),backdrop-filter: blur(16px); subtle gradient borders,Bright blur on dark causing contrast loss; neon overuse making text unreadable
Minimalism,minimal clean simple whitespace modern,Clean design with maximum whitespace and essential elements only,white or near-white (#fafafa),4-8px,minimal or none (use border instead),none or subtle transitions,Decorative elements; unnecessary borders; visual clutter; too many colors
Minimalism Warm,minimal warm neutral soft organic,Minimalism with warm neutral tones and organic feel,warm white (#faf8f5) or cream (#f5f0e8),8-12px,soft warm shadow (0 2px 8px rgba(0 0 0 0.06)),subtle warm color transitions,Cool/clinical colors; sharp geometric shapes; high contrast borders
Flat Design,flat clean bold simple colorful,Bold solid colors without shadows gradients or depth effects,solid colors from Material or custom palette,4px,none,color-block sections with clear boundaries,Fake depth; inconsistent corner radius; mixing with skeuomorphism
Material Design,material google elevation surface,Google's design system with elevation surfaces and intentional motion,surface system (#ffffff #f5f5f5 #eeeeee),4-16px (shape system),elevation system (0dp 1dp 2dp 4dp 8dp 16dp),ripple on interaction; shared axis transitions,Random shadows not from elevation scale; mixing elevation with flat; no motion
Neumorphism,neumorphic soft ui extruded embossed,Soft extruded/embossed shapes with subtle dual shadows on matching background,single muted color (#e0e5ec),12-20px,dual shadow: light top-left + dark bottom-right (inset or outset),box-shadow pairs creating emboss/deboss effect,Low contrast text; applying to small elements; poor accessibility; dark backgrounds
Brutalism,brutalist raw bold experimental typography,Raw bold aesthetic with stark typography and unconventional layouts,stark white or single bold color,0px (sharp edges),hard offset shadows (4px 4px 0 #000),thick borders; monospace type; broken grid; raw HTML aesthetic,Sacrificing usability for style; inaccessible color combinations; hiding navigation
Claymorphism,clay 3d rounded soft inflated,3D clay-like UI with inflated rounded shapes and inner shadows,pastel or soft gradient backgrounds,16-24px,layered: outer shadow + inner highlight (inset 0 -2px 4px rgba(0 0 0 0.1)),inner shadow for inflated look; subtle gradient on surface,Flat elements mixed with clay; too many clay elements causing visual fatigue
Skeuomorphism,skeuomorphic realistic texture physical,Realistic textures and physical metaphors mimicking real objects,textured gradients mimicking materials,varies by object metaphor,realistic multi-layered shadows,gradients textures reflections mimicking physical surfaces,Overdone textures; inconsistent metaphors; heavy assets hurting performance
Dark Mode,dark theme night low-light,Dark color scheme optimized for low-light and OLED,dark surface (#121212 or #1a1a2e),8-12px,elevated surfaces use lighter shade not shadow,desaturated colors; lighter surface = higher elevation,Pure black (#000) background with white text; saturated colors on dark; same colors as light mode inverted
Aurora Gradient,aurora gradient mesh colorful vivid,Vivid multi-color mesh gradients as backgrounds or accents,mesh gradient with 3-5 color stops,12-16px,colored glow matching gradient tones,CSS mesh gradient or conic-gradient; animated gradient shift,Too many gradient sections; gradient on text without solid fallback; performance-heavy animation
Retro Pixel,retro pixel 8bit vintage nostalgic game,8-bit pixel art aesthetic with retro color palettes,solid retro colors (limited palette),0px (pixel-perfect edges),pixel-offset hard shadows,pixelated images; monospace/pixel fonts; CRT effects,Modern smooth elements mixed with pixel art; anti-aliased fonts breaking aesthetic
Bento Grid,bento grid mosaic card layout,Grid-based layout with varied card sizes creating mosaic patterns,neutral or gradient backgrounds,12-16px,subtle consistent card shadows,CSS Grid with span variations; hover-expand animations,All cards same size (defeats purpose); too many size variations; no visual hierarchy
Organic Soft,organic natural biomorphic blob curved,Biomorphic shapes with soft curves and nature-inspired forms,soft natural tones (#f4ede4 #e8ddd0),20-40px (blob-like),diffused soft shadows,border-radius: 30-50% for blob shapes; wave dividers; organic SVG paths,Sharp geometric shapes; rigid grid layouts; harsh colors
Cyberpunk Neon,cyberpunk neon sci-fi futuristic glitch,High-contrast neon colors on dark backgrounds with tech aesthetic,very dark (#0d0d0d #1a0a2e),4-8px,neon glow (0 0 10px #ff00ff 0 0 40px #ff00ff),text-shadow glow; neon borders; glitch animations; scanline overlays,Neon overuse causing eye strain; unreadable text; excessive animation
Monochrome,monochrome grayscale black-white single-color,Single color palette with tonal variations for depth,white to gray spectrum or single hue tonal,4-8px,gray-toned shadows matching palette,tonal contrast for hierarchy; single accent color sparingly,Too flat without tonal variation; introducing off-palette colors; insufficient contrast
Art Deco,art-deco gatsby luxury ornamental geometric,1920s-inspired geometric patterns with gold accents and luxury feel,deep navy (#1a1a3e) or cream (#f5f0e0),0-4px (geometric precision),subtle gold-toned shadows,geometric line patterns; gold foil accents; serif typography,Overdone ornamentation; patterns competing with content; heavy asset files
Scandinavian,scandinavian nordic hygge cozy clean,Nordic-inspired clean design with warmth and natural materials,warm white (#f9f7f4) with wood/natural tones,8-12px,very subtle soft shadows,natural textures (wood grain linen); muted earth tones; generous spacing,Cool sterile whites; cluttered layouts; artificial/synthetic feeling colors
Japanese Minimal,japanese zen wabi-sabi asymmetric,Zen-inspired asymmetric layouts with intentional imperfection,off-white (#f5f3ef) or stone gray,4-12px,barely visible shadows suggesting floating,asymmetric balance; generous whitespace; natural textures; restrained palette,Symmetrical grid layouts; loud colors; decorative excess; perfect geometric shapes
Newspaper Editorial,newspaper editorial print magazine,Print-inspired layout with column grids and strong typography,off-white (#f8f7f4) or light gray,0-2px,none or hairline borders,multi-column grid; drop caps; pull quotes; rule lines; serif hierarchy,Web-native patterns breaking editorial metaphor; too narrow columns on mobile
Swiss/International,swiss helvetica grid modernist clean,Swiss international style with rigid grid and clean sans-serif type,pure white with structured grid,0-4px,minimal or none,strict grid alignment; Helvetica/Grotesk type; limited color; asymmetric balance,Decorative elements; rounded shapes; playful colors; breaking the grid
Vapor Wave,vaporwave retro 80s 90s aesthetic synthwave,80s/90s inspired aesthetic with gradients pastels and retro elements,gradient (pink-to-cyan) or dark purple (#2d1b69),8-16px,colored glow shadows matching palette,linear gradients; chrome text effects; grid lines; sunset imagery,Taking the aesthetic too seriously for functional apps; readability issues
Memphis Design,memphis postmodern bold geometric colorful,Bold geometric shapes contrasting colors and playful patterns,white or bold solid color blocks,varies (mix of sharp and rounded),bold offset shadows in contrasting colors,geometric shape decorations; bold outlines; squiggles and dots; clash colors,Using for serious/professional products; pattern overload; accessibility failures
Frosted Layered,frosted layered depth stacked cards,Multi-layered frosted panels creating depth hierarchy,gradient or image behind frosted layers,12-20px,elevation via blur intensity + shadow,multiple blur layers at different intensities; floating panels,Too many layers causing confusion; performance issues with stacked blurs
Corporate Professional,corporate professional business enterprise,Conservative professional design conveying trust and stability,white (#ffffff) with gray sections (#f5f5f7),4-8px,subtle professional shadows (0 1px 3px rgba(0 0 0 0.08)),clean borders; structured grids; blue/gray palette; system fonts,Trendy effects undermining credibility; playful elements; excessive animation
Gradient Mesh,gradient mesh fluid colorful background,Fluid multi-color gradient backgrounds with mesh-like blending,multi-stop radial/mesh gradients,12-16px,soft colored shadows matching gradient,CSS radial-gradient stacking; animated gradient shifts; glass over gradient,Gradient-on-gradient causing noise; text directly on busy gradient; heavy animation
Hand Drawn,hand-drawn sketch illustration doodle,Hand-drawn illustration style with sketch-like UI elements,white or paper texture (#faf9f6),uneven/wobbly borders,pencil-style offset shadows,SVG hand-drawn borders; sketch font; illustration-heavy; rough.js effects,Inconsistent sketch quality; hard to maintain; mixing with polished elements
